Day,BrightFuture_Price,RSI_BrightFuture,Stochastic_BrightFuture,Williams_%R_BrightFuture,MACD_BrightFuture,PROC_BrightFuture,Direction14_BrightFuture
14,99.11430025414114,100.0,100.0,-0.0,0.025011862200699397,0.11545480216276968,1
15,99.12791728275961,100.0,100.0,-0.0,0.028297037608552955,0.1275468186698425,1
16,99.14207279193886,100.0,100.0,-0.0,0.0316776340294922,0.13875147178812725,1
17,99.15674285968736,100.0,100.0,-0.0,0.03513551259528924,0.1492176414772598,1
18,99.1719047428955,100.0,100.0,-0.0,0.038653766968650416,0.15905418182845008,1
19,99.18753676041307,100.0,100.0,-0.0,0.042216733849798516,0.16834173742439776,1
20,99.20361820157436,100.0,100.0,-0.0,0.04580997974562706,0.17714102569049142,1
21,99.22012925292798,100.0,100.0,-0.0,0.04942027074353916,0.18549864350087483,1
22,99.23705093808408,100.0,100.0,-0.0,0.053035530361285055,0.1934511395666635,1
23,99.25436506710383,100.0,100.0,-0.0,0.05664478929573136,0.2010278720914277,1
24,99.2720541929131,100.0,100.0,-0.0,0.06023812995798039,0.20825301556931008,1
25,99.29010157296402,100.0,100.0,-0.0,0.06380662797423042,0.21514697157755902,1
26,99.30849113488739,100.0,100.0,-0.0,0.06734229229454058,0.2217273620432455,1
27,99.3272074452432,100.0,100.0,-0.0,0.070838005140331,0.2280097299719413,1
28,99.34623568073178,100.0,100.0,-0.0,0.07428746270645092,0.23400803516336965,1
29,99.36556160140748,100.0,100.0,-0.0,0.07768511728986027,0.2397350062041483,1
30,99.38517152556315,100.0,100.0,-0.0,0.08102612132871911,0.2452023916571368,1
31,99.40505230604167,100.0,100.0,-0.0,0.08430627368987587,0.2504211405024518,1
32,99.42519130779382,100.0,100.0,-0.0,0.08752196842955584,0.2554015328786579,1
33,99.44557638654601,100.0,100.0,-0.0,0.09067014616388747,0.26015327586593306,1
34,99.4661958684722,100.0,100.0,-0.0,0.09374824811892779,0.2646855746373102,1
35,99.48703853078734,100.0,100.0,-0.0,0.0967541728767145,0.2690071862121596,1
36,99.50809358319526,100.0,100.0,-0.0,0.0996862357949766,0.2731264608823259,1
37,99.52935065013546,100.0,100.0,-0.0,0.10254313104758239,0.2770513748646823,1
38,99.55079975378204,100.0,100.0,-0.0,0.10532389621104699,0.2807895566734838,1
39,99.57243129775412,100.0,100.0,-0.0,0.10802787930600743,0.2843483089627323,1
40,99.59423605150141,100.0,100.0,-0.0,0.11065470819151813,0.28773462706819664,1
41,99.61620513533288,100.0,100.0,-0.0,0.11320426220301272,0.2909552151146406,1
42,99.63833000605864,100.0,100.0,-0.0,0.11567664592001847,0.29401650029857074,1
43,99.66060244321793,100.0,100.0,-0.0,0.11807216494838713,0.2969246457781487,1
44,99.68301453586734,100.0,100.0,-0.0,0.12039130360133754,0.2996855624760707,1
45,99.70555866990571,100.0,100.0,-0.0,0.12263470436553803,0.30230492001439324,1
46,99.72822751591269,100.0,100.0,-0.0,0.12480314904043155,0.3047881569377617,1
47,99.75101401747973,100.0,100.0,-0.0,0.12689754144302867,0.30714049033864016,1
48,99.77391138001302,100.0,100.0,-0.0,0.1289188915737185,0.3093669249678794,1
49,99.79691305998887,100.0,100.0,-0.0,0.13086830114343684,0.3114722618923151,1
50,99.82001275464307,100.0,100.0,-0.0,0.1327469503668368,0.31346110674608313,1
51,99.8432043920763,100.0,100.0,-0.0,0.13455608593122292,0.3153378776117026,1
52,99.86648212175871,100.0,100.0,-0.0,0.13629701005540085,0.3171068125594541,1
53,99.88984030541731,100.0,100.0,-0.0,0.1379710705578816,0.31877197686780423,1
54,99.91327350829073,100.0,100.0,-0.0,0.13957965185817045,0.3203372699443561,1
55,99.93677649073616,100.0,100.0,-0.0,0.14112416684000095,0.3218064319633321,1
56,99.96034420017438,100.0,100.0,-0.0,0.14260604950926847,0.32318305023393856,1
57,99.98397176335888,100.0,100.0,-0.0,0.14402674838441953,0.32447056531210133,1
58,100.00765447895631,100.0,100.0,-0.0,0.14538772056063465,0.3256722768673475,1
59,100.03138781042517,100.0,100.0,-0.0,0.14669042639354757,0.32679134931501597,1
60,100.0551673791808,100.0,100.0,-0.0,0.147936324751484,0.3278308172236814,1
61,100.07898895803524,100.0,100.0,-0.0,0.14912686878952286,0.3287935905072948,1
62,100.10284846490052,100.0,100.0,-0.0,0.15026350220128393,0.32968245941031943,1
63,100.12674195674481,100.0,100.0,-0.0,0.151347655908026,0.3305000992943321,1
64,100.15066562379121,100.0,100.0,-0.0,0.1523807451474113,0.3312490752339228,1
65,100.17461578394929,100.0,100.0,-0.0,0.15336416692709065,0.3319318464294917,1
66,100.19858887746989,100.0,100.0,-0.0,0.15429929781106466,0.33255077044395215,1
67,100.2225814618142,100.0,100.0,-0.0,0.15518749200904836,0.3331081072704916,1
68,100.24659020672853,100.0,100.0,-0.0,0.1560300797412708,0.33360602323788324,1
69,100.27061188951609,100.0,100.0,-0.0,0.15682836585365578,0.3340465947597086,1
70,100.29464339049812,100.0,100.0,-0.0,0.15758362865989284,0.3344318119336412,1
71,100.31868168865668,100.0,100.0,-0.0,0.15829711898899745,0.3347635819969119,1
72,100.34272385745143,100.0,100.0,-0.0,0.1589700594186354,0.3350437326431108,1
73,100.36676706080371,100.0,100.0,-0.0,0.15960364367600732,0.3352740152062393,1
74,100.39080854924094,100.0,100.0,-0.0,0.16019903618973785,0.3354561077172132,1
75,100.41484565619481,100.0,100.0,-0.0,0.16075737177726523,0.33559161783739094,1
76,100.43887579444723,100.0,100.0,-0.0,0.16127975545398954,0.33568208567464713,1
77,100.46289645271784,100.0,100.0,-0.0,0.16176726235102024,0.3357289864862017,1
78,100.48690519238743,100.0,100.0,-0.0,0.16222093773001234,0.3357337332726999,1
79,100.51089964435174,100.0,100.0,-0.0,0.16264179708414872,0.3356976792680925,1
80,100.53487750600046,100.0,100.0,-0.0,0.16303082631554844,0.3356221203292652,1
81,100.55883653831613,100.0,100.0,-0.0,0.16338898197996343,0.33550829722944664,1
82,100.58277456308838,100.0,100.0,-0.0,0.1637171915908482,0.33535739785919083,1
83,100.60668946023854,100.0,100.0,-0.0,0.16401635397498637,0.33517055933872375,1
84,100.63057916525037,100.0,100.0,-0.0,0.1642873396731801,0.3349488700451077,1
85,100.6544416667025,100.0,100.0,-0.0,0.16453099137964955,0.334693371557513,1
86,100.67827500389849,100.0,100.0,-0.0,0.1647481244145439,0.33440506052411845,1
87,100.70207726459053,100.0,100.0,-0.0,0.16493952722454708,0.33408489045351264,1
88,100.72584658279301,100.0,100.0,-0.0,0.1651059619069457,0.33373377343378324,1
89,100.7495811366824,100.0,100.0,-0.0,0.16524816475292425,0.33335258178224375,1
90,100.7732791465797,100.0,100.0,-0.0,0.16536684680636426,0.33294214962823837,1
91,100.79693887301241,100.0,100.0,-0.0,0.1654626944348223,0.3325032744320489,1
92,100.82055861485263,100.0,100.0,-0.0,0.16553636990948917,0.3320367184424749,1
93,100.84413670752815,100.0,100.0,-0.0,0.16558851199157232,0.3315432100951636,1
94,100.86767152130375,100.0,100.0,-0.0,0.1656197365224017,0.3310234453545037,1
95,100.89116145962979,100.0,100.0,-0.0,0.165630637015326,0.3304780890011888,1
96,100.91460495755526,100.0,100.0,-0.0,0.1656217852472679,0.3299077758674708,1
97,100.9380004802028,100.0,100.0,-0.0,0.16559373184819037,0.3293131120224372,1
98,100.96134652130317,100.0,100.0,-0.0,0.16554700688713808,0.32869467590923224,1
99,100.98464160178668,100.0,100.0,-0.0,0.16548212045323396,0.32805301943611553,1
100,101.0078842684294,100.0,100.0,-0.0,0.16539956323060778,0.32738866902332053,1
101,101.03107309255171,100.0,100.0,-0.0,0.16529980706617664,0.32670212660733566,1
102,101.05420666876742,100.0,100.0,-0.0,0.16518330552928262,0.3259938706045123,1
103,101.07728361378099,100.0,100.0,-0.0,0.16505049446266185,0.32526435683540794,1
104,101.10030256523119,100.0,100.0,-0.0,0.16490179252373593,0.3245140194116547,1
105,101.1232621805793,100.0,100.0,-0.0,0.16473760171589902,0.32374327158685723,1
106,101.14616113603986,100.0,100.0,-0.0,0.1645583079092745,0.322952506572671,1
107,101.1689981255524,100.0,100.0,-0.0,0.16436428135057213,0.32214209832191876,1
108,101.19177185979251,100.0,100.0,-0.0,0.16415587716161895,0.32131240227976354,1
109,101.21448106522045,100.0,100.0,-0.0,0.16393343582649322,0.3204637561041863,1
110,101.23712448316607,100.0,100.0,-0.0,0.1636972836669912,0.31959648035729515,1
111,101.2597008689483,100.0,100.0,-0.0,0.16344773330621365,0.3187108791684394,1
112,101.28220899102791,100.0,100.0,-0.0,0.16318508412044253,0.3178072408701893,1
113,101.3046476301923,100.0,100.0,-0.0,0.1629096226789386,0.3168858386085191,1
114,101.32701557877077,100.0,100.0,-0.0,0.1626216231720008,0.3159469309279677,1
115,101.34931163987923,100.0,100.0,-0.0,0.16232134782711682,0.31499076233308476,1
116,101.37153462669313,100.0,100.0,-0.0,0.16200904731326204,0.31401756382675006,1
117,101.39368336174736,100.0,100.0,-0.0,0.16168496113363062,0.3130275534266868,1
118,101.4157566762621,100.0,100.0,-0.0,0.1613493180068133,0.31202093666077985,1
119,101.4377534094936,100.0,100.0,-0.0,0.16100233623637905,0.31099790704209523,1
120,101.4596724081087,100.0,100.0,-0.0,0.16064422406947187,0.309958646524577,1
121,101.48151252558236,100.0,100.0,-0.0,0.16027518004405295,0.3089033259399472,1
122,101.5032726216171,100.0,100.0,-0.0,0.1598953933255558,0.3078321054168252,1
123,101.52495156158346,100.0,100.0,-0.0,0.1595050440325707,0.3067451347825903,1
124,101.54654821598076,100.0,100.0,-0.0,0.15910430355232563,0.3056425539488183,1
125,101.5680614599171,100.0,100.0,-0.0,0.15869333484559434,0.30452449328078474,1
126,101.58949017260804,100.0,100.0,-0.0,0.1582722927419269,0.3033910739519352,1
127,101.6108332368931,100.0,100.0,-0.0,0.1578413242248473,0.30224240828368454,1
128,101.63208953876925,100.0,100.0,-0.0,0.15740056870758679,0.3010786000711912,1
129,101.6532579669409,100.0,100.0,-0.0,0.15695015829938086,0.29989974489581905,1
130,101.67433741238557,100.0,100.0,-0.0,0.1564902180629133,0.298705930424675,1
131,101.69532676793462,100.0,100.0,-0.0,0.15602086626262235,0.2974972366977385,1
132,101.71622492786841,100.0,100.0,-0.0,0.1555422146045231,0.29627373640316523,1
133,101.73703078752538,100.0,100.0,-0.0,0.15505436846778764,0.2950354951411804,1
134,101.75774324292439,100.0,100.0,-0.0,0.15455742712788378,0.2937825716770869,1
135,101.77836119039974,100.0,100.0,-0.0,0.15405148397212542,0.292515018183773,1
136,101.79888352624849,100.0,100.0,-0.0,0.15353662670729307,0.29123288047407475,1
137,101.81930914638949,100.0,100.0,-0.0,0.15301293755996426,0.28993619822361527,1
138,101.83963694603351,100.0,100.0,-0.0,0.15248049346958226,0.28862500518419393,1
139,101.85986581936427,100.0,100.0,-0.0,0.15193936627450455,0.2872993293884295,1
140,101.87999465922974,100.0,100.0,-0.0,0.151389622891287,0.285959193345799,1
141,101.90002235684324,100.0,100.0,-0.0,0.1508313254873741,0.2846046142303829,1
142,101.91994780149417,100.0,100.0,-0.0,0.1502645316475082,0.28323560406097537,1
143,101.93976988026769,100.0,100.0,-0.0,0.14968929453384305,0.28185216987336387,1
144,101.95948747777311,100.0,100.0,-0.0,0.14910566304027384,0.2804543138855062,1
145,101.97909947588072,100.0,100.0,-0.0,0.14851368194091208,0.27904203365574404,1
146,101.99860475346644,100.0,100.0,-0.0,0.1479133920329616,0.2776153222342613,1
147,102.01800218616427,100.0,100.0,-0.0,0.14730483027432228,0.27617416830817765,1
148,102.03729064612598,100.0,100.0,-0.0,0.14668802991592145,0.2747185563404565,1
149,102.05646900178786,100.0,100.0,-0.0,0.14606302062907162,0.27324846670291797,1
150,102.07553611764413,100.0,100.0,-0.0,0.14542982862785436,0.27176387580352174,1
151,102.0944908540269,100.0,100.0,-0.0,0.14478847678702778,0.2702647562082513,1
152,102.11333206689221,100.0,100.0,-0.0,0.14413898475528697,0.26875107675780496,1
153,102.13205860761195,100.0,100.0,-0.0,0.14348136906411924,0.26722280267910326,1
154,102.15066932277148,100.0,100.0,-0.0,0.1428156432326091,0.265679895692082,1
155,102.16916305397265,100.0,100.0,-0.0,0.14214181786803692,0.26412231411187825,1
156,102.18753863764199,100.0,100.0,-0.0,0.1414599007626549,0.2625500129464302,1
157,102.20579490484384,100.0,100.0,-0.0,0.14076989698665443,0.2609629439899744,1
158,102.22393068109821,100.0,100.0,-0.0,0.14007180897748128,0.2593610559122795,1
159,102.2419447862032,100.0,100.0,-0.0,0.13936563662564083,0.2577442943440151,1
160,102.25983603406173,100.0,100.0,-0.0,0.13865137735719202,0.25611260195833097,1
161,102.27760323251243,100.0,100.0,-0.0,0.13792902621295866,0.25446591854880823,1
162,102.29524518316441,100.0,100.0,-0.0,0.13719857592445805,0.2528041811037867,1
163,102.31276068123599,100.0,100.0,-0.0,0.13646001698704424,0.25112732387756387,1
164,102.33014851539687,100.0,100.0,-0.0,0.13571333772996752,0.2494352784581913,1
165,102.34740746761386,100.0,100.0,-0.0,0.13495852438370548,0.24772797383218045,1
166,102.36453631299986,100.0,100.0,-0.0,0.1341955611445229,0.24600533644626266,1
167,102.381533819666,100.0,100.0,-0.0,0.13342443023655903,0.244267290266347,1
168,102.39839874857687,100.0,100.0,-0.0,0.13264511197121465,0.24251375683366655,1
169,102.41512985340844,100.0,100.0,-0.0,0.13185758480436505,0.24074465531821496,1
170,102.43172588040893,100.0,100.0,-0.0,0.13106182539101496,0.23895990256975588,1
171,102.44818556826215,100.0,100.0,-0.0,0.13025780863787872,0.23715941316632513,1
172,102.46450764795338,100.0,100.0,-0.0,0.12944550775381458,0.23534309946042484,1
173,102.48069084263766,100.0,100.0,-0.0,0.12862489429805635,0.23351087162288392,1
174,102.49673386751022,100.0,100.0,-0.0,0.1277959382265692,0.23166263768462578,1
175,102.51263542967922,100.0,100.0,-0.0,0.1269586079364302,0.22979830357627612,1
176,102.52839422804044,100.0,100.0,-0.0,0.12611287030844665,0.22791777316586406,1
177,102.54400895315396,100.0,100.0,-0.0,0.12525869074792695,0.22602094829446578,1
178,102.55947828712267,100.0,100.0,-0.0,0.1243960332236469,0.22410772881004448,1
179,102.57480090347258,100.0,100.0,-0.0,0.12352486030552257,0.2221780125995574,1
180,102.58997546703475,100.0,100.0,-0.0,0.12264513320019432,0.22023169561923556,1
181,102.60500063382885,100.0,100.0,-0.0,0.1217568117855592,0.21826867192325927,1
182,102.61987505094825,100.0,100.0,-0.0,0.12085985464362636,0.2162888336908333,1
183,102.63459735644649,100.0,100.0,-0.0,0.11995421909189474,0.21429207125175814,1
184,102.64916617922509,100.0,100.0,-0.0,0.11903986121356525,0.2122782731104456,1
185,102.66358013892274,100.0,100.0,-0.0,0.11811673588634619,0.21024732596857273,1
186,102.67783784580557,100.0,100.0,-0.0,0.11718479680995131,0.20819911474629346,1
187,102.69193790065871,100.0,100.0,-0.0,0.11624399653256035,0.20613352260225776,1
188,102.7058788946788,100.0,100.0,-0.0,0.11529428647601492,0.2040504309522044,1
189,102.71965940936758,100.0,100.0,-0.0,0.11433561695986327,0.2019497194864052,1
190,102.73327801642642,100.0,100.0,-0.0,0.11336793722443872,0.1998312661859197,1
191,102.74673327765186,100.0,100.0,-0.0,0.11239119545285803,0.1976949473376895,1
192,102.76002374483178,100.0,100.0,-0.0,0.11140533879201087,0.19554063754855497,1
193,102.77314795964256,100.0,100.0,-0.0,0.11041031337263973,0.19336820975809865,1
194,102.7861044535469,100.0,100.0,-0.0,0.10940606432848199,0.19117753525067585,1
195,102.79889174769241,100.0,100.0,-0.0,0.10839253581457342,0.18896848366631327,1
196,102.81150835281092,100.0,100.0,-0.0,0.10736967102465655,0.1867409230107956,1
197,102.82395276911853,100.0,100.0,-0.0,0.10633741220779314,0.18449471966496658,1
198,102.83622348621697,100.0,100.0,-0.0,0.10529570068439398,0.18222973839385448,1
199,102.84831898299717,100.0,100.0,-0.0,0.10424447686152405,0.17994584235660338,1
200,102.86023772754872,100.0,100.0,-0.0,0.10318368024816493,0.1776428931207794,1
201,102.87197817708463,100.0,100.0,-0.0,0.10211324947135836,0.17532075069036007,1
202,102.88353877790999,100.0,100.0,-0.0,0.10103312229644246,0.1729792735753423,1
203,102.89491796551576,100.0,100.0,-0.0,0.09994323566017727,0.17061831898188382,1
204,102.90611416503157,100.0,100.0,-0.0,0.0988435257423248,0.16823774335080321,1
205,102.91712579270987,100.0,100.0,-0.0,0.09773392814862802,0.16583740389834223,1
206,102.92795126037268,100.0,100.0,-0.0,0.0966143784155662,0.16341716303791887,1
207,102.9385889883658,100.0,100.0,-0.0,0.09548481343992421,0.1609769010755638,1
208,102.94903744293553,100.0,100.0,-0.0,0.09434517556498179,0.15851655265549275,1
209,102.95929524368782,100.0,100.0,-0.0,0.09319542429203409,0.15603621135245485,1
210,102.96936147207389,100.0,100.0,-0.0,0.09203556986918215,0.15353642971686943,1
211,102.97923655627491,100.0,100.0,-0.0,0.09086576961810522,0.15101907967402614,1
212,102.98892480810306,100.0,100.0,-0.0,0.08968660410150164,0.14848981877146145,1
213,102.99844169272632,100.0,100.0,-0.0,0.0884998685914411,0.14596515646888153,1
214,103.00783465099006,100.0,100.0,-0.0,0.08731084036283221,0.14349269134715487,1
215,103.01724270721806,100.0,100.0,-0.0,0.08613477042000284,0.14120903739536528,1
216,103.0270669724463,100.0,100.0,-0.0,0.08501545734431204,0.1395054993648144,1
217,103.03845762295059,100.0,100.0,-0.0,0.08407832141533333,0.1395012117925346,1
218,103.05469988285327,100.0,100.0,-0.0,0.08368161945277564,0.14438959145169425,1
219,103.08512216209371,100.0,100.0,-0.0,0.08484402486935494,0.16323461045949955,1
220,103.15583296441272,100.0,100.0,-0.0,0.09042860565286048,0.22139924213936882,1
221,103.33704093644454,100.0,100.0,-0.0,0.108228800837324,0.38707733610354567,1
222,103.79691435575693,100.0,100.0,-0.0,0.1576265051482295,0.8235889658428015,1
223,104.81497993585714,100.0,100.0,-0.0,0.27574530545508935,1.8023478965908002,1
224,106.40699054794328,100.0,100.0,-0.0,0.4921441259706967,3.3384970312763453,1
225,107.88014663393152,100.0,100.0,-0.0,0.773595606157528,4.759124500770999,1
226,108.89672514578189,100.0,100.0,-0.0,1.0663847029055518,5.736345290220956,1
227,109.5492028908306,100.0,100.0,-0.0,1.3356748443740827,6.360058550834263,1
228,109.94637937199266,100.0,100.0,-0.0,1.5631193771344414,6.735938819131279,1
229,110.16724933704148,100.0,100.0,-0.0,1.7411225908721377,6.940592120237797,1
230,110.26719735935195,100.0,100.0,-0.0,1.8687150069378617,7.027406097896543,1
231,110.28490696467705,100.0,100.0,-0.0,1.9487974096142864,7.032761853097072,1
232,110.24736262177464,99.48124035610809,99.47853520720597,-0.5214647927940316,1.9863365249883458,6.979461147427125,1
233,110.17336228358492,98.45945925340139,98.43535526369917,-1.5646447363008333,1.9872080382607038,6.876103915699376,1
234,110.07597684080676,97.08067521513937,96.99288784468058,-3.0071121553194247,1.9574759630443594,6.708436815959196,1
235,109.96427166265818,95.29075011569178,95.05801992471383,-4.941980075286164,1.9029632293553789,6.413218983393951,1
236,109.84451154585223,92.54870740596702,91.94878804590137,-8.051211954098632,1.8290141183797317,5.826374731494976,1
237,109.72100404984414,87.30468592395418,85.458610907662,-14.541389092337997,1.7403808651602048,4.680651674969843,1
238,109.59668970715424,77.74903833337767,71.38104580636337,-28.61895419363662,1.6411886438174008,2.9976406087472167,1
239,109.47355505110875,63.1125496466202,41.552907369580204,-58.447092630419796,1.5349482283934321,1.4770172889958377,1
240,109.35292162047963,44.115173118349695,0.0,-100.0,1.424595968527953,0.41892579789431694,1
241,109.23564815247758,24.39334983345063,0.0,-100.0,1.3125477849348641,-0.28622274747675447,-1
242,109.12227201193718,9.189901545868864,0.0,-100.0,1.2007586864648658,-0.7495538868698832,-1
243,109.01310809001004,1.3733609045520438,0.0,-100.0,1.090782542194006,-1.0476264533940673,-1
244,108.90831793552206,0.0,0.0,-100.0,0.9838289975531893,-1.232351466593833,-1
245,108.80795805304518,0.0,0.0,-100.0,0.8808158423515238,-1.3392121844060805,-1
246,108.71201362136742,0.0,0.0,-100.0,0.7824160556368582,-1.392640117545978,-1
247,108.62042200979289,0.0,0.0,-100.0,0.6890993300153099,-1.4095424171541415,-1
248,108.53308915633454,0.0,0.0,-100.0,0.6011682281269373,-1.4016570452093857,-1
249,108.44990095250786,0.0,0.0,-100.0,0.5187893231726406,-1.3771479474678947,-1
250,108.37073113589267,0.0,0.0,-100.0,0.44201977610610754,-1.3416969033945418,-1
251,108.295446741155,0.0,0.0,-100.0,0.37082983992272034,-1.299256528897177,-1
252,108.22391184489476,0.0,0.0,-100.0,0.3051217803631374,-1.2525723778040996,-1
253,108.15599011895966,0.0,0.0,-100.0,0.24474567829328464,-1.2035463099138097,-1
254,108.09154655236472,0.0,0.0,-100.0,0.189512542546737,-1.1534900480232666,-1
255,108.03044859380796,0.0,0.0,-100.0,0.13920511992542117,-1.1033024283312078,-1
256,107.97256689107513,0.0,0.0,-100.0,0.09358674563172542,-1.053593459579253,-1
257,107.91777575064029,0.0,0.0,-100.0,0.05240853524580302,-1.0047712229848107,-1
258,107.86595340368356,0.0,0.0,-100.0,0.015415179941214774,-0.9571027737804393,-1
259,107.81698213879119,0.0,0.0,-100.0,-0.01765042930526306,-0.9107568343216967,-1
260,107.77074834343665,0.0,0.0,-100.0,-0.04704355493342405,-0.8658337258006243,-1
261,107.72714248362945,0.0,0.0,-100.0,-0.07301477830269221,-0.8223863520645356,-1
262,107.6860590422221,0.0,0.0,-100.0,-0.09580783719937358,-0.7804349076366499,-1
263,107.64739643014245,0.0,0.0,-100.0,-0.1156580166467478,-0.7399771833049819,-1
264,107.61105688046464,0.0,0.0,-100.0,-0.1327909929214286,-0.7009957831468555,-1
265,107.57694633218736,0.0,0.0,-100.0,-0.14742204664115377,-0.6634631746660447,-1
266,107.54497430845976,0.0,0.0,-100.0,-0.15975557442101262,-0.6273452186870181,-1
267,107.51505379250818,0.0,0.0,-100.0,-0.16998484019998727,-0.5926036327220726,-1
268,107.48710110347815,0.0,0.0,-100.0,-0.17829191718362836,-0.5591977061719097,-1
269,107.46103577368179,0.0,0.0,-100.0,-0.18484777967954358,-0.5270854907463673,-1
270,107.43678042823609,0.0,0.0,-100.0,-0.18981251113292785,-0.4962246228521673,-1
271,107.41426066772632,0.0,0.0,-100.0,-0.19333560058996113,-0.4665728879340588,-1
272,107.39340495428544,0.0,0.0,-100.0,-0.19555630479131025,-0.43808860394496,-1
273,107.37414450131169,0.0,0.0,-100.0,-0.19660405726844488,-0.4107308780999278,-1
274,107.3564131669313,0.0,0.0,-100.0,-0.19659890930486768,-0.38445977491496197,-1
275,107.3401473512335,0.0,0.0,-100.0,-0.19565199053660365,-0.3592364221995043,-1
276,107.32528589725173,0.0,0.0,-100.0,-0.19386597939148942,-0.33502307371923845,-1
277,107.31176999562942,0.0,0.0,-100.0,-0.19133557558224368,-0.31178314166737453,-1
278,107.2995430928849,0.0,0.0,-100.0,-0.18814796853658322,-0.2894812081678316,-1
279,107.28855080317634,0.0,0.0,-100.0,-0.18438329702699718,-0.26808302228666037,-1
280,107.2787408234577,0.0,0.0,-100.0,-0.1801150963970315,-0.24755548710110087,-1
281,107.27006285191325,0.0,0.0,-100.0,-0.1754107307116044,-0.22786664002209023,-1
282,107.26246850955599,0.0,0.0,-100.0,-0.1703318079186289,-0.20898562861595069,-1
283,107.25591126487524,0.0,0.0,-100.0,-0.16493457672579837,-0.19088268350451304,-1
284,107.25034636142097,0.0,0.0,-100.0,-0.15927030439470968,-0.17352908945336049,-1
285,107.24573074821387,0.0,0.0,-100.0,-0.15338563505331138,-0.15689715542871854,-1
286,107.2420230128738,0.0,0.0,-100.0,-0.14732292844483652,-0.14096018417153452,-1
287,107.23918331736184,0.0,0.0,-100.0,-0.14112057928024058,-0.12569244167361568,-1
288,107.23717333623506,0.0,0.0,-100.0,-0.13481331755420456,-0.11106912682601962,-1
289,107.23595619731637,0.0,0.0,-100.0,-0.1284324903315479,-0.09706634142787093,-1
290,107.23549642468524,0.0,0.0,-100.0,-0.12200632561962266,-0.0836610606865323,-1
291,107.23575988389874,0.4096698670910115,0.4113550648384051,-99.5886449351616,-0.11556017902066174,-0.0708311042989762,-1
292,107.23671372935559,2.2429830796418884,2.29444714078094,-97.70555285921905,-0.10911676391071978,-0.058555108174998205,-1
293,107.23832635371932,6.142095107629174,6.544036024107354,-93.45596397589264,-0.1026963659248139,-0.04681249684242383,-1
294,107.24056733931988,12.793276229808782,14.670057166144513,-85.32994283385548,-0.09631704254405804,-0.03558345655886714,-1
295,107.2434074114559,22.678584191178032,29.33027538871128,-70.66972461128871,-0.08999480858481945,-0.024848909144525116,-1
296,107.24681839352331,35.67456585839973,55.45950265935079,-44.54049734064921,-0.0837438083824793,-0.014590486542158792,-1
297,107.2507731638985,50.70834644727627,100.0,-0.0,-0.07757647544893587,-0.00479050610464534,-1
298,107.25524561450712,65.86683018433013,100.0,-0.0,-0.07150368036185739,0.004568053393171553,1
299,107.2602106110125,79.10875037602496,100.0,-0.0,-0.06553486761956151,0.013501575025507017,1
300,107.26564395455999,89.10313107604551,100.0,-0.0,-0.05967818216674914,0.022025826278336904,1
301,107.27152234501622,95.55229284865544,100.0,-0.0,-0.05394058626656317,0.030155980914815427,1
302,107.27782334564463,98.925430799744,100.0,-0.0,-0.04832796736280898,0.037906640155573046,1
303,107.28452534916084,100.0,100.0,-0.0,-0.042845237543915005,0.04529185318691714,1
304,107.29160754511372,100.0,100.0,-0.0,-0.037496425187640625,0.05232513701085099,1
305,107.29904988854022,100.0,100.0,-0.0,-0.032284759333890634,0.059019495651459794,1
306,107.30683306984393,100.0,100.0,-0.0,-0.027212747300779938,0.06538743873233037,1
307,107.31493848584934,100.0,100.0,-0.0,-0.022282246028808572,0.07144099944018396,1
308,107.32334821198573,100.0,100.0,-0.0,-0.017494527607951227,0.077191751889864,1
309,107.33204497555647,100.0,100.0,-0.0,-0.012850339413787992,0.08265082790636627,1
310,107.34101213005084,100.0,100.0,-0.0,-0.008349959251702899,0.08782893323874845,1
311,107.35023363045804,100.0,100.0,-0.0,-0.003993245881360963,0.09273636322186803,1
312,107.35969400954345,100.0,100.0,-0.0,0.000220314730469795,0.09738301790080575,1
313,107.36937835505003,100.0,100.0,-0.0,0.004291567105170202,0.10177841663339655,1
314,107.37927228778818,100.0,100.0,-0.0,0.008221647593174453,0.10593171218580236,1
315,107.38936194057933,100.0,100.0,-0.0,0.012011949080317663,0.10985170433594252,1
316,107.39963393801999,100.0,100.0,-0.0,0.01566408879818937,0.11354685299951087,1
317,107.4100753770339,100.0,100.0,-0.0,0.019179878996510524,0.1170252908930289,1
318,107.42067380818153,100.0,100.0,-0.0,0.022561300252036176,0.12029483574802745,1
319,107.43141721769706,100.0,100.0,-0.0,0.025810477205581606,0.12336300209026603,1
320,107.44229401022474,100.0,100.0,-0.0,0.028929656533733805,0.1262370125979218,1
321,107.45329299222682,100.0,100.0,-0.0,0.0319211869757936,0.12892380905173362,1
322,107.46440335603694,100.0,100.0,-0.0,0.0347875012502783,0.13143006289050452,1
323,107.47561466453382,100.0,100.0,-0.0,0.03753109970723756,0.13376218538466048,1
324,107.4869168364107,100.0,100.0,-0.0,0.040154535574458805,0.1359263374404223,1
325,107.49830013201745,100.0,100.0,-0.0,0.042660401666125836,0.1379284390466407,1
326,107.50975513975277,100.0,100.0,-0.0,0.04505131843288268,0.13977417837646225,1
327,107.52127276298503,100.0,100.0,-0.0,0.04732992324093743,0.1414690205551137,1
328,107.53284420748116,100.0,100.0,-0.0,0.049498860776978404,0.14301821610542254,1
329,107.5444609693234,100.0,100.0,-0.0,0.05156077448319252,0.14442680908177907,1
330,107.55611482329522,100.0,100.0,-0.0,0.053518298934719155,0.14569964490338388,1
331,107.56779781171792,100.0,100.0,-0.0,0.05537405307792653,0.14684137789716326,1
332,107.5795022337202,100.0,100.0,-0.0,0.057130634254946244,0.1478564785604385,1
333,107.59122063492434,100.0,100.0,-0.0,0.05879061294548649,0.14874924055358751,1
334,107.60294579753283,100.0,100.0,-0.0,0.06035652816244408,0.14952378743215855,1
335,107.61467073080141,100.0,100.0,-0.0,0.06183088344316445,0.1501840791293947,1
336,107.62638866188635,100.0,100.0,-0.0,0.06321614338278891,0.15073391820056406,1
337,107.63809302705944,100.0,100.0,-0.0,0.0645147306611733,0.15117695584506877,1
338,107.64977746329595,100.0,100.0,-0.0,0.0657290235202197,0.1515166977327232,1
339,107.6614358002706,100.0,100.0,-0.0,0.0668613536554119,0.15175650968694618,1
340,107.6730620528693,100.0,100.0,-0.0,0.0679140044967852,0.15189962334510448,1
341,107.68465041450668,100.0,100.0,-0.0,0.06888920987921665,0.15194914208445498,1
342,107.69619525199661,100.0,100.0,-0.0,0.06978915315661993,0.15190804792652074,1
343,107.70769110387252,100.0,100.0,-0.0,0.07061596694917682,0.15177921120055174,1
344,107.71913268694924,100.0,100.0,-0.0,0.07137173404692021,0.15156540743577687,1
345,107.73051492322003,100.0,100.0,-0.0,0.07205849083116789,0.1512693527359529,1
346,107.74183301761981,100.0,100.0,-0.0,0.0726782366873806,0.15089378601783848,1
347,107.75308266379088,100.0,100.0,-0.0,0.0732329582158826,0.150441669786202,1
348,107.7642605729122,100.0,100.0,-0.0,0.0737246905317619,0.14991669064796162,1
349,107.77536581931565,100.0,100.0,-0.0,0.0741556720817158,0.14932451813770337,1
350,107.78640325365456,100.0,100.0,-0.0,0.0745287358976725,0.1486759834253071,1
351,107.79739215474189,100.0,100.0,-0.0,0.07484829953368433,0.14799512254680902,1
352,107.80838816509211,100.0,100.0,-0.0,0.07512287244415461,0.14733955381398103,1
353,107.81953892723462,100.0,100.0,-0.0,0.07537141204699083,0.14685214421376377,1
354,107.83122521922269,100.0,100.0,-0.0,0.0756394431531362,0.14689204833399183,1
355,107.84441874703907,100.0,100.0,-0.0,0.07603992623128875,0.1483668581523956,1
356,107.86158671371084,100.0,100.0,-0.0,0.07685666756572118,0.15357224210866985,1
357,107.88896061336933,100.0,100.0,-0.0,0.07880437807038732,0.16829764675022127,1
358,107.94210629486024,100.0,100.0,-0.0,0.08367184803690009,0.20699536131524726,1
359,108.05883796991449,100.0,100.0,-0.0,0.09584379604307003,0.3047632761511087,1
360,108.32462120874106,100.0,100.0,-0.0,0.12549006728143297,0.5409117097775247,1
361,108.89846455021197,100.0,100.0,-0.0,0.19306379344271818,1.062969019638065,1
362,109.93699042236346,100.0,100.0,-0.0,0.3266513830177189,2.016187776819766,1
363,111.26864339630681,100.0,100.0,-0.0,0.533820228805368,3.2412579168115343,1
364,112.41053954365421,100.0,100.0,-0.0,0.781140011717369,4.290092396086025,1
365,113.20069055175854,100.0,100.0,-0.0,1.0290391811784758,5.012457434276596,1
